<?xml version="1.0" encoding="UTF-8"?>
<project-private xmlns="http://www.netbeans.org/ns/project-private/1">
    <editor-bookmarks xmlns="http://www.netbeans.org/ns/editor-bookmarks/2" lastBookmarkId="0"/>
    <open-files xmlns="http://www.netbeans.org/ns/projectui-open-files/2">
        <group>
            <file>file:/Users/ijuwon/Downloads/ALECBOARDV1.0.0/module/board/admin/board/list.php</file>
            <file>file:/Users/ijuwon/Downloads/ALECBOARDV1.0.0/module/board/login/skin/basic/index.php</file>
            <file>file:/Users/ijuwon/Downloads/ALECBOARDV1.0.0/include.php</file>
            <file>file:/Users/ijuwon/Downloads/ALECBOARDV1.0.0/module/blog/admin/lang.korean.php</file>
            <file>file:/Users/ijuwon/Downloads/ALECBOARDV1.0.0/module/blog/admin/skin/basic/index.php</file>
            <file>file:/Users/ijuwon/Downloads/ALECBOARDV1.0.0/module/board/download/model.php</file>
            <file>file:/Users/ijuwon/Downloads/ALECBOARDV1.0.0/module/board/admin/board/add.php</file>
            <file>file:/Users/ijuwon/Downloads/ALECBOARDV1.0.0/module/blog/skin/basic/login.php</file>
            <file>file:/Users/ijuwon/Downloads/ALECBOARDV1.0.0/module/board/mobile/skin/basic/view.php</file>
            <file>file:/Users/ijuwon/Downloads/ALECBOARDV1.0.0/module/board/admin/skin/basic/member.save.php</file>
            <file>file:/Users/ijuwon/Downloads/ALECBOARDV1.0.0/module/board/join/skin/basic/join.js</file>
            <file>file:/Users/ijuwon/Downloads/ALECBOARDV1.0.0/module/board/logout.php</file>
            <file>file:/Users/ijuwon/Downloads/ALECBOARDV1.0.0/module/board/myinfo.php</file>
            <file>file:/Users/ijuwon/Downloads/ALECBOARDV1.0.0/module/board/list.php</file>
            <file>file:/Users/ijuwon/Downloads/ALECBOARDV1.0.0/module/blog/login.php</file>
            <file>file:/Users/ijuwon/Downloads/ALECBOARDV1.0.0/module/board/mobile/skin/basic/list.skin.js</file>
            <file>file:/Users/ijuwon/Downloads/ALECBOARDV1.0.0/error.php</file>
            <file>file:/Users/ijuwon/Downloads/ALECBOARDV1.0.0/module/board/deletepost.php</file>
            <file>file:/Users/ijuwon/Downloads/ALECBOARDV1.0.0/module/blog/admin/model.php</file>
            <file>file:/Users/ijuwon/Downloads/ALECBOARDV1.0.0/module/blog/modify.php</file>
            <file>file:/Users/ijuwon/Downloads/ALECBOARDV1.0.0/module/board/skin/basic/index.php</file>
            <file>file:/Users/ijuwon/Downloads/ALECBOARDV1.0.0/module/board/admin/lang.korean.php</file>
            <file>file:/Users/ijuwon/Downloads/ALECBOARDV1.0.0/module/blog/login/model.php</file>
            <file>file:/Users/ijuwon/Downloads/ALECBOARDV1.0.0/module/board/mobile/skin/basic/deletecomment.php</file>
            <file>file:/Users/ijuwon/Downloads/ALECBOARDV1.0.0/module/blog/skin/basic/footer.php</file>
            <file>file:/Users/ijuwon/Downloads/ALECBOARDV1.0.0/module/board/delete/model.php</file>
            <file>file:/Users/ijuwon/Downloads/ALECBOARDV1.0.0/update/index.php</file>
            <file>file:/Users/ijuwon/Downloads/ALECBOARDV1.0.0/module/board/admin/skin/basic/member.list.php</file>
            <file>file:/Users/ijuwon/Downloads/ALECBOARDV1.0.0/module/board/skin/basic/deletecomment.php</file>
            <file>file:/Users/ijuwon/Downloads/ALECBOARDV1.0.0/module/board/admin/member/model.php</file>
            <file>file:/Users/ijuwon/Downloads/ALECBOARDV1.0.0/module/board/admin/skin/basic/member.group.php</file>
            <file>file:/Users/ijuwon/Downloads/ALECBOARDV1.0.0/module/board/upload.php</file>
            <file>file:/Users/ijuwon/Downloads/ALECBOARDV1.0.0/module/board/skin/basic/view.php</file>
            <file>file:/Users/ijuwon/Downloads/ALECBOARDV1.0.0/module/blog/logout.php</file>
            <file>file:/Users/ijuwon/Downloads/ALECBOARDV1.0.0/page/error/index_access_without_param.txt</file>
            <file>file:/Users/ijuwon/Downloads/ALECBOARDV1.0.0/composer.json</file>
            <file>file:/Users/ijuwon/Downloads/ALECBOARDV1.0.0/module/blog/skin/basic/view.skin.js</file>
            <file>file:/Users/ijuwon/Downloads/ALECBOARDV1.0.0/module/board/download.php</file>
            <file>file:/Users/ijuwon/Downloads/ALECBOARDV1.0.0/module/blog/guestbook/model.php</file>
            <file>file:/Users/ijuwon/Downloads/ALECBOARDV1.0.0/module/blog/skin/basic/guestbook.list.php</file>
            <file>file:/Users/ijuwon/Downloads/ALECBOARDV1.0.0/module/board/memo/model.php</file>
            <file>file:/Users/ijuwon/Downloads/ALECBOARDV1.0.0/module/board/admin/skin/basic/index.php</file>
            <file>file:/Users/ijuwon/Downloads/ALECBOARDV1.0.0/install/index.php</file>
            <file>file:/Users/ijuwon/Downloads/ALECBOARDV1.0.0/module/board/managepost.php</file>
            <file>file:/Users/ijuwon/Downloads/ALECBOARDV1.0.0/README.md</file>
            <file>file:/Users/ijuwon/Downloads/ALECBOARDV1.0.0/module/board/manage/model.php</file>
            <file>file:/Users/ijuwon/Downloads/ALECBOARDV1.0.0/module/board/skin/basic/deletepost.php</file>
            <file>file:/Users/ijuwon/Downloads/ALECBOARDV1.0.0/module/board/login/model.php</file>
            <file>file:/Users/ijuwon/Downloads/ALECBOARDV1.0.0/module/blog/skin/basic/write.php</file>
            <file>file:/Users/ijuwon/Downloads/ALECBOARDV1.0.0/module/board/skin/basic/view.skin.js</file>
            <file>file:/Users/ijuwon/Downloads/ALECBOARDV1.0.0/module/board/mobile/skin/basic/modifycomment.php</file>
            <file>file:/Users/ijuwon/Downloads/ALECBOARDV1.0.0/module/board/view/model.php</file>
            <file>file:/Users/ijuwon/Downloads/ALECBOARDV1.0.0/module/board/mobile.php</file>
            <file>file:/Users/ijuwon/Downloads/ALECBOARDV1.0.0/module/board/admin/member/delete.php</file>
            <file>file:/Users/ijuwon/Downloads/ALECBOARDV1.0.0/module/board/admin/skin/basic/board.list.php</file>
            <file>file:/Users/ijuwon/Downloads/ALECBOARDV1.0.0/module/blog/upload.php</file>
            <file>file:/Users/ijuwon/Downloads/ALECBOARDV1.0.0/module/blog/write/model.php</file>
            <file>file:/Users/ijuwon/Downloads/ALECBOARDV1.0.0/module/board/admin/board/group.php</file>
            <file>file:/Users/ijuwon/Downloads/ALECBOARDV1.0.0/module/board/modifycomment.php</file>
            <file>file:/Users/ijuwon/Downloads/ALECBOARDV1.0.0/.project</file>
            <file>file:/Users/ijuwon/Downloads/ALECBOARDV1.0.0/module/board/list/model.php</file>
            <file>file:/Users/ijuwon/Downloads/ALECBOARDV1.0.0/module/blog/list.php</file>
            <file>file:/Users/ijuwon/Downloads/ALECBOARDV1.0.0/module/blog/admin/skin/basic/config.php</file>
            <file>file:/Users/ijuwon/Downloads/ALECBOARDV1.0.0/module/blog/skin/basic/view.php</file>
            <file>file:/Users/ijuwon/Downloads/ALECBOARDV1.0.0/module/blog/write.php</file>
            <file>file:/Users/ijuwon/Downloads/ALECBOARDV1.0.0/module/board/comment.php</file>
            <file>file:/Users/ijuwon/Downloads/ALECBOARDV1.0.0/module/board/admin/advanced/terminal.php</file>
            <file>file:/Users/ijuwon/Downloads/ALECBOARDV1.0.0/module/board/admin/skin/basic/board.group.php</file>
            <file>file:/Users/ijuwon/Downloads/ALECBOARDV1.0.0/install/lang.korean.php</file>
            <file>file:/Users/ijuwon/Downloads/ALECBOARDV1.0.0/module/board/admin/board/model.php</file>
            <file>file:/Users/ijuwon/Downloads/ALECBOARDV1.0.0/module/board/write.php</file>
            <file>file:/Users/ijuwon/Downloads/ALECBOARDV1.0.0/module/blog/skin/basic/header.php</file>
            <file>file:/Users/ijuwon/Downloads/ALECBOARDV1.0.0/install/grblog.sql.php</file>
            <file>file:/Users/ijuwon/Downloads/ALECBOARDV1.0.0/module/board/join/skin/basic/index.php</file>
            <file>file:/Users/ijuwon/Downloads/ALECBOARDV1.0.0/module/blog/skin/basic/write.skin.js</file>
            <file>file:/Users/ijuwon/Downloads/ALECBOARDV1.0.0/module/board/myinfo/skin/basic/myinfo.js</file>
            <file>file:/Users/ijuwon/Downloads/ALECBOARDV1.0.0/.gitignore</file>
            <file>file:/Users/ijuwon/Downloads/ALECBOARDV1.0.0/module/board/memo/skin/basic/index.php</file>
            <file>file:/Users/ijuwon/Downloads/ALECBOARDV1.0.0/update/lang.korean.php</file>
            <file>file:/Users/ijuwon/Downloads/ALECBOARDV1.0.0/module/board/admin/member/list.php</file>
            <file>file:/Users/ijuwon/Downloads/ALECBOARDV1.0.0/module/board/admin/board/delete.php</file>
            <file>file:/Users/ijuwon/Downloads/ALECBOARDV1.0.0/module/board/skin/basic/list.skin.js</file>
            <file>file:/Users/ijuwon/Downloads/ALECBOARDV1.0.0/module/board/login.php</file>
            <file>file:/Users/ijuwon/Downloads/ALECBOARDV1.0.0/update/model.php</file>
            <file>file:/Users/ijuwon/Downloads/ALECBOARDV1.0.0/module/board/skin/basic/modifycomment.php</file>
            <file>file:/Users/ijuwon/Downloads/ALECBOARDV1.0.0/module/blog/delete/model.php</file>
            <file>file:/Users/ijuwon/Downloads/ALECBOARDV1.0.0/module/blog/admin/index.php</file>
            <file>file:/Users/ijuwon/Downloads/ALECBOARDV1.0.0/module/blog/rss/model.php</file>
            <file>file:/Users/ijuwon/Downloads/ALECBOARDV1.0.0/index.php</file>
            <file>file:/Users/ijuwon/Downloads/ALECBOARDV1.0.0/module/board/admin/skin/basic/board.add.php</file>
            <file>file:/Users/ijuwon/Downloads/ALECBOARDV1.0.0/module/board/admin/skin/basic/member.add.php</file>
            <file>file:/Users/ijuwon/Downloads/ALECBOARDV1.0.0/module/board/memo/skin/basic/memo.js</file>
            <file>file:/Users/ijuwon/Downloads/ALECBOARDV1.0.0/message.php</file>
            <file>file:/Users/ijuwon/Downloads/ALECBOARDV1.0.0/util/common/common.php</file>
            <file>file:/Users/ijuwon/Downloads/ALECBOARDV1.0.0/module/blog/delete.php</file>
            <file>file:/Users/ijuwon/Downloads/ALECBOARDV1.0.0/module/board/memo.php</file>
            <file>file:/Users/ijuwon/Downloads/ALECBOARDV1.0.0/module/board/admin.php</file>
            <file>file:/Users/ijuwon/Downloads/ALECBOARDV1.0.0/module/board/modify/model.php</file>
            <file>file:/Users/ijuwon/Downloads/ALECBOARDV1.0.0/.htaccess</file>
            <file>file:/Users/ijuwon/Downloads/ALECBOARDV1.0.0/module/blog/admin/skin/basic/category.php</file>
            <file>file:/Users/ijuwon/Downloads/ALECBOARDV1.0.0/module/board/join.php</file>
            <file>file:/Users/ijuwon/Downloads/ALECBOARDV1.0.0/module/board/skin/basic/search.skin.js</file>
            <file>file:/Users/ijuwon/Downloads/ALECBOARDV1.0.0/module/blog/admin.php</file>
            <file>file:/Users/ijuwon/Downloads/ALECBOARDV1.0.0/module/board/admin/skin/basic/board.save.php</file>
            <file>file:/Users/ijuwon/Downloads/ALECBOARDV1.0.0/page/info/install_complete.txt</file>
            <file>file:/Users/ijuwon/Downloads/ALECBOARDV1.0.0/module/board/mobile/skin/basic/view.skin.js</file>
            <file>file:/Users/ijuwon/Downloads/ALECBOARDV1.0.0/module/board/myinfo/skin/basic/index.php</file>
            <file>file:/Users/ijuwon/Downloads/ALECBOARDV1.0.0/module/blog/view.php</file>
            <file>file:/Users/ijuwon/Downloads/ALECBOARDV1.0.0/module/board/skin/basic/list.php</file>
            <file>file:/Users/ijuwon/Downloads/ALECBOARDV1.0.0/module/blog/guestbook.php</file>
            <file>file:/Users/ijuwon/Downloads/ALECBOARDV1.0.0/module/board/mobile/skin/basic/write.php</file>
            <file>file:/Users/ijuwon/Downloads/ALECBOARDV1.0.0/module/board/skin/basic/managepost.php</file>
            <file>file:/Users/ijuwon/Downloads/ALECBOARDV1.0.0/module/blog/list/model.php</file>
            <file>file:/Users/ijuwon/Downloads/ALECBOARDV1.0.0/module/blog/skin/basic/search.skin.js</file>
            <file>file:/Users/ijuwon/Downloads/ALECBOARDV1.0.0/install/grboard.sql.php</file>
            <file>file:/Users/ijuwon/Downloads/ALECBOARDV1.0.0/module/board/admin/skin/basic/board.delete.php</file>
            <file>file:/Users/ijuwon/Downloads/ALECBOARDV1.0.0/module/blog/skin/basic/list.php</file>
            <file>file:/Users/ijuwon/Downloads/ALECBOARDV1.0.0/module/board/myinfo/model.php</file>
            <file>file:/Users/ijuwon/Downloads/ALECBOARDV1.0.0/module/board/skin/basic/style.css</file>
            <file>file:/Users/ijuwon/Downloads/ALECBOARDV1.0.0/module/board/mobile/skin/basic/header.php</file>
            <file>file:/Users/ijuwon/Downloads/ALECBOARDV1.0.0/module/blog/rss.php</file>
            <file>file:/Users/ijuwon/Downloads/ALECBOARDV1.0.0/module/board/skin/basic/write.php</file>
            <file>file:/Users/ijuwon/Downloads/ALECBOARDV1.0.0/module/board/admin/member/group.php</file>
            <file>file:/Users/ijuwon/Downloads/ALECBOARDV1.0.0/module/board/write/model.php</file>
            <file>file:/Users/ijuwon/Downloads/ALECBOARDV1.0.0/module/board/comment/model.php</file>
            <file>file:/Users/ijuwon/Downloads/ALECBOARDV1.0.0/module/board/admin/skin/basic/member.delete.php</file>
            <file>file:/Users/ijuwon/Downloads/ALECBOARDV1.0.0/module/blog/admin/skin/basic/link.php</file>
            <file>file:/Users/ijuwon/Downloads/ALECBOARDV1.0.0/module/blog/delete/template.comment.php</file>
            <file>file:/Users/ijuwon/Downloads/ALECBOARDV1.0.0/module/blog/skin/basic/sidebar.php</file>
            <file>file:/Users/ijuwon/Downloads/ALECBOARDV1.0.0/module/board/join/model.php</file>
            <file>file:/Users/ijuwon/Downloads/ALECBOARDV1.0.0/module/board/skin/basic/write.skin.js</file>
            <file>file:/Users/ijuwon/Downloads/ALECBOARDV1.0.0/module/board/mobile/skin/basic/list.php</file>
            <file>file:/Users/ijuwon/Downloads/ALECBOARDV1.0.0/module/blog/skin/basic/list.skin.js</file>
            <file>file:/Users/ijuwon/Downloads/ALECBOARDV1.0.0/module/board/view.php</file>
            <file>file:/Users/ijuwon/Downloads/ALECBOARDV1.0.0/install/save.php</file>
            <file>file:/Users/ijuwon/Downloads/ALECBOARDV1.0.0/module/board/deletecomment.php</file>
        </group>
    </open-files>
</project-private>
